<?xml version="1.0" encoding="UTF-8"?>
<module>
	<name>utilities</name>
	<version>0.2</version>
	<requirements>
		<minimum_version>3.0.0</minimum_version>
	</requirements>
	<description>
		<![CDATA[
			This module combines several easy to use utilities for your website.  The first widget is the fontSize widget, which gives you the possibility to add a fontSize changer to your website.
			0.1 Frontend fontsize widget created
			0.2 Backend fontsize widget settings added
		]]>
	</description>
	<authors>
		<author>
			<name><![CDATA[Waldo Cosman (waldo@comsa.be)]]></name>
			<url><![CDATA[http://www.comsa.be]]></url>
		</author>
	</authors>
	<events>
		<event application="backend" name=""><![CDATA[]]></event>
        <event application="backend" name="after_saved_settings"><![CDATA[Triggered when settings are saved.]]></event>
    </events>
</module>