<?xml version="1.0" encoding="UTF-8"?>
<module>
	<name>contest</name>
	<version>1.0.0</version>
	<requirements>
		<minimum_version>3.1</minimum_version>
	</requirements>
	<description>
		<![CDATA[
			This is a contest module.  In the module, you can create questions where the users can give up an answer.  Points will be added if the answers are correct.
		]]>
	</description>
	<authors>
		<author>
			<name><![CDATA[Waldo Cosman (waldo@comsa.be)]]></name>
			<url><![CDATA[http://www.comsa.be]]></url>
		</author>
	</authors>
	<events>
        <event application="backend" name="after_add"><![CDATA[Triggered when a contest is added.]]></event>
        <event application="backend" name="after_delete"><![CDATA[Triggered when a contest is deleted.]]></event>
        <event application="backend" name="after_edit"><![CDATA[Triggered when a contest is edited.]]></event>
        <event application="backend" name="after_add_question"><![CDATA[Triggered when a question is added.]]></event>
        <event application="backend" name="after_delete_question"><![CDATA[Triggered when a question is deleted.]]></event>
        <event application="backend" name="after_edit_question"><![CDATA[Triggered when a question is edited.]]></event>
	</events>
</module>